name, description, translate_term:type_id
"Camilia M.", "Aliquam nec sem eu nulla maximus efficitur", Person
"Aria S.", "Lorem ipsum dolor sit amet, consectetur adipiscing elit", Person
"Victoria T.", "Mauris cursus, libero eget volutpat sagittis", Person
"Madison K.", "Dui diam semper lacus, et hendrerit eros neque eget eros", Person
"Luna G.", "Fusce cursus nisl ac iaculis tristique. Suspendisse commodo auctor egestas", Person
"Zoey M.", "Etiam condimentum mollis erat semper placerat", Person
"Layla F.", "Sed erat mattis, ac tristique tortor malesuada", Person
"Addison A.", "Aenean elementum blandit magna, at euismod augue aliquet quis", Person
"Gianna K.", "Cras efficitur venenatis purus maximus tristique", Person
"Alice G.", "Suspendisse scelerisque dui arcu, at ullamcorper leo ullamcorper vel", Person
"Ivy M.", "Cras efficitur venenatis purus maximus tristique. Aenean eleifend tortor quis arcu auctor", Person
"Emery H.", "Ut eu dui maximus, consequat mauris at, vehicula metus", Person
"Vivian R.", "Aliquam nec sem eu nulla maximus efficitur", Person
"Sophie C.", "Integer accumsan ex libero, non placerat purus dapibus eget", Person
"Skylar V.", "Ut eu dui maximus, consequat mauris at, vehicula metus", Person
"Adeline G.", "Maecenas fermentum justo scelerisque posuere gravida", Person
"Ellie E.", "Ut eu dui maximus, consequat mauris at, vehicula metus", Person
"Aurora P.", "Orci varius natoque penatibus et magnis dis parturient", Person
"Natalie W.", "Proin eu laoreet est. Integer eget tincidunt ipsum. Vestibulum lacinia commodo lectus", Person
"Savannah D.", "Nulla pharetra purus tortor, sed laoreet turpis lobortis non", Person
"Claire H.", "Ut eu dui maximus, consequat mauris at, vehicula metus", Person
"Isla O.", "Morbi dignissim leo lacinia interdum tempus", Person
"Alexa G.", "Aultricies justo, nec tempor dui. Nulla pharetra purus tortor", Person
"Josephine H.", "M diam, congue a dolor nec, consequat dapibus lacus", Person
"Julia F.", "Aenean elementum blandit magna, at euismod augue aliquet quis", Person
"Kaylee M.", "Cras efficitur venenatis purus maximus tristique", Person
"Chloe H.", "Aliquam erat volutpat. Fusce mollis, sapien vel scelerisque", Person
