translate_value:marker_id, translate_value:genotype_id, translate_value:project_id, translate_value:stock_id, translate_value:variant_id
"LcChrA Exome Capture", A, "Project A", lola, "LcChrA Exome Capture"
"LcChrB Exome Capture", A, "Project A", lola, "LcChrA Exome Capture"
"LcChrC Exome Capture", A, "Project A", stella, "LcChrA Exome Capture"
"LcChrD Exome Capture", T, "Project A", stella, "LcChrA Exome Capture"
"LcChrE Exome Capture", T, "Project B", luna, "LcChrA Exome Capture"
"LcChrF Exome Capture", C, "Project B", luna, "LcChrA Exome Capture"
"LcChrG Exome Capture", C, "Project B", izzy, "LcChrA Exome Capture"
"LcChrH Exome Capture", GG, "Project C", izzy, "LcChrA Exome Capture"
"LcChrI Exome Capture", GG, "Project C", layla, "LcChrA Exome Capture"
"LcChrJ Exome Capture", CC, "Project C", layla, "LcChrA Exome Capture"
"LcChrK Exome Capture", CC, "Project D", lulu, "LcChrA Exome Capture"
"LcChrL Exome Capture", TT, "Project D", lulu, "LcChrA Exome Capture"
"LcChrM Exome Capture", TT, "Project D", ellie, "LcChrA Exome Capture"
"LcChrN Exome Capture", AA, "Project E", ellie, "LcChrA Exome Capture"
"LcChrO Exome Capture", AA, "Project E", piper, "LcChrA Exome Capture"
"LcChrP Exome Capture", AG, "Project E", piper, "LcChrA Exome Capture"
"LcChrQ Exome Capture", AG, "Project F", olivia, "LcChrA Exome Capture"
"LcChrR Exome Capture", TC, "Project F", olivia, "LcChrA Exome Capture"
"LcChrS Exome Capture", TC, "Project F", king, "LcChrA Exome Capture"
"LcChrT Exome Capture", GA, "Project G", king, "LcChrA Exome Capture"
"LcChrU Exome Capture", GT, "Project G", max, "LcChrA Exome Capture"
"LcChrV Exome Capture", GT, "Project G", max, "LcChrA Exome Capture"
"LcChrW Exome Capture", AT, "Project H", owen, "LcChrA Exome Capture"
"LcChrX Exome Capture", CA, "Project H", owen, "LcChrA Exome Capture"
"LcChrY Exome Capture", AC, "Project I", ray, "LcChrA Exome Capture"
"LcChrZ Exome Capture", CT, "Project I", ray, "LcChrA Exome Capture"
