name, description
"Project A", "Aenean elementum blandit magna, at euismod augue aliquet quis. Nam lectus tortor, tempus eget tempus vel"
"Project B", "libero eget volutpat sagittis, dui diam semper lacus, et hendrerit eros neque eget eros"
"Project C", "libero eget volutpat sagittis, dui diam semper lacus, et hendrerit eros neque eget eros"
"Project D", "Lorem ipsum dolor sit amet, consectetur adipiscing elit. Mauris cursus"
"Project E", "libero eget volutpat sagittis, dui diam semper lacus, et hendrerit eros neque eget eros"
"Project F", "Lorem ipsum dolor sit amet, consectetur adipiscing elit. Mauris cursus"
"Project G", "libero eget volutpat sagittis, dui diam semper lacus, et hendrerit eros neque eget eros"
"Project H", "libero eget volutpat sagittis, dui diam semper lacus, et hendrerit eros neque eget eros"
"Project I", "libero eget volutpat sagittis, dui diam semper lacus, et hendrerit eros neque eget eros"
"Project J", "Lorem ipsum dolor sit amet, consectetur adipiscing elit. Mauris cursus"
"Project K", "Lorem ipsum dolor sit amet, consectetur adipiscing elit. Mauris cursus"
"Project L", "Aenean elementum blandit magna, at euismod augue aliquet quis. Nam lectus tortor, tempus eget tempus vel"
"Project M", "Ongue a dolor nec, consequat dapibus lacus. Morbi dignissim leo lacinia interdum"
"Project N", "libero eget volutpat sagittis, dui diam semper lacus, et hendrerit eros neque eget eros"
"Project O", "Lorem ipsum dolor sit amet, consectetur adipiscing elit. Mauris cursus"
"Project P", "libero eget volutpat sagittis, dui diam semper lacus, et hendrerit eros neque eget eros"
"Project Q", "libero eget volutpat sagittis, dui diam semper lacus, et hendrerit eros neque eget eros"
"Project R", "Aliquam nec sem eu nulla maximus efficitur. Nullam condimentum elit sed erat mattis, ac tristique tortor malesuada"
"Project S", "ongue a dolor nec, consequat dapibus lacus. Morbi dignissim leo lacinia interdum"
"Project T", "Lorem ipsum dolor sit amet, consectetur adipiscing elit. Mauris cursus"
"Project U", "libero eget volutpat sagittis, dui diam semper lacus, et hendrerit eros neque eget eros"
"Project V", "Lorem ipsum dolor sit amet, consectetur adipiscing elit. Mauris cursus"
"Project W", "Lorem ipsum dolor sit amet, consectetur adipiscing elit. Mauris cursus"
"Project X", "libero eget volutpat sagittis, dui diam semper lacus, et hendrerit eros neque eget eros"
"Project Y", "longue a dolor nec, consequat dapibus lacus. Morbi dignissim leo lacinia interdum"
"Project Z", "Lorem ipsum dolor sit amet, consectetur adipiscing elit. Mauris cursus"
"Project 1", "Ongue a dolor nec, consequat dapibus lacus. Morbi dignissim leo lacinia interdum"
"Project 2", "libero eget volutpat sagittis, dui diam semper lacus, et hendrerit eros neque eget eros"
"Project 3", "Lorem ipsum dolor sit amet, consectetur adipiscing elit. Mauris cursus"
"Project 4", "libero eget volutpat sagittis, dui diam semper lacus, et hendrerit eros neque eget eros"
"Project 5", "libero eget volutpat sagittis, dui diam semper lacus, et hendrerit eros neque eget eros"
"Project 6", "Aliquam nec sem eu nulla maximus efficitur. Nullam condimentum elit sed erat mattis, ac tristique tortor malesuada"
"Project 7", "ongue a dolor nec, consequat dapibus lacus. Morbi dignissim leo lacinia interdum"
"Project 8", "Lorem ipsum dolor sit amet, consectetur adipiscing elit. Mauris cursus"
"Project 9", "libero eget volutpat sagittis, dui diam semper lacus, et hendrerit eros neque eget eros"
"Project 10", "Lorem ipsum dolor sit amet, consectetur adipiscing elit. Mauris cursus"
"Project 11", "Lorem ipsum dolor sit amet, consectetur adipiscing elit. Mauris cursus"
"Project 12", "libero eget volutpat sagittis, dui diam semper lacus, et hendrerit eros neque eget eros"
"Project 13", "longue a dolor nec, consequat dapibus lacus. Morbi dignissim leo lacinia interdum"
"Project 14", "Lorem ipsum dolor sit amet, consectetur adipiscing elit. Mauris cursus"
"Project 15", "Lorem ipsum dolor sit amet, consectetur adipiscing elit. Mauris cursus"
"Project 16", "libero eget volutpat sagittis, dui diam semper lacus, et hendrerit eros neque eget eros"
"Project 17", "Aliquam nec sem eu nulla maximus efficitur. Nullam condimentum elit sed erat mattis, ac tristique tortor malesuada"
"Project 18", "ongue a dolor nec, consequat dapibus lacus. Morbi dignissim leo lacinia interdum"
"Project 19", "Lorem ipsum dolor sit amet, consectetur adipiscing elit. Mauris cursus"
"Project 20", "libero eget volutpat sagittis, dui diam semper lacus, et hendrerit eros neque eget eros"
"Project 21", "Lorem ipsum dolor sit amet, consectetur adipiscing elit. Mauris cursus"
"Project 22", "Lorem ipsum dolor sit amet, consectetur adipiscing elit. Mauris cursus"
"Project 23", "libero eget volutpat sagittis, dui diam semper lacus, et hendrerit eros neque eget eros"
"Project 24", "longue a dolor nec, consequat dapibus lacus. Morbi dignissim leo lacinia interdum"
"Project 25", "Lorem ipsum dolor sit amet, consectetur adipiscing elit. Mauris cursus"
"Research Area - Pathology", "Suspendisse commodo auctor egestas. Pellentesque ullamcorper justo"
"Research Area - Physiology", "Finibus odio. Curabitur laoreet, lacus et auctor auctor, nulla nisl malesuada nisi, aliquet aliquet ante purus"
"Research Area - Tissue Culture", "Donec suscipit, ipsum sit amet fermentum iaculis, elit mauris ultricies lacus, vel"
"Research Area - Breeding & Gentics", "Aliquam nec sem eu nulla maximus efficitur. Nullam condimentum elit sed erat mattis, ac tristique tortor malesuada"
